autor,video,peso,autor_nombre,video_titulo,canal
UC-HeUTT6_g-VoiWds2a4H-w,6W4u8sGEnGM,1,@JorgeMunoz-gd9et,Inician los trabajos de recuperación del Puente Belice II.,Gobierno de la República de Guatemala
UC-Iul5tDYH_oiAMXQH-KaaQ,6W4u8sGEnGM,1,@AlbertoMancilla-p9h,Inician los trabajos de recuperación del Puente Belice II.,Gobierno de la República de Guatemala
UC-QOpE7GOxlXcHZ8b7HbQKA,OkXlHx0hx-8,2,@mariaalexander427,EE.UU. envía a mexicanos deportados a Guatemala antes de su regreso a México | Noticias Telemundo,Noticias Telemundo
UC-fiZBS5Gp1eCJd9ucgWnCg,j43HgwYFKfk,1,@Tommii.10,La cooptación de Walter Mazariegos en la USAC,Quorum
UC-hfX8J5JPJ-dfuakzegMLA,n8iP75gIpmw,1,@normaleticiaorozcojuarez2418,Qué rico come tu diputado,Quorum
UC-jS_kA9w-OmpupXDx156Rg,n8iP75gIpmw,1,@simoncreyesc7579,Qué rico come tu diputado,Quorum
UC-pNP6RMFuLg_-x7Ah_0kEA,n8iP75gIpmw,1,@almacatalan2717,Qué rico come tu diputado,Quorum
UC094EFEmMSdwVa8NQjjYBXg,b_Hkrkl3adA,1,@CelestinoQuej-j7k,Bloqueos en Guatemala este 31 de agosto por alza en combustibles afectan rutas principales,PrensaLibreOficial
UC0HvfEWozTHbwl_iEmJNvVA,6W4u8sGEnGM,1,@OttoPalencia-b7r,Inician los trabajos de recuperación del Puente Belice II.,Gobierno de la República de Guatemala
UC0RpuMwkDKJYqgKHtsJRuWQ,lj983NWyAQY,1,@sabinamarinaguerra3248,Plan 2032 Ciudad de Guatemala,Municipalidad de Guatemala
UC0aEyakBPqcBkVJiErfSupQ,lj983NWyAQY,1,@jhonymanuel9891,Plan 2032 Ciudad de Guatemala,Municipalidad de Guatemala
UC14qlobYKqD-DO0j6b75lcA,6W4u8sGEnGM,1,@megavision4488,Inician los trabajos de recuperación del Puente Belice II.,Gobierno de la República de Guatemala
UC1DpqK6vaPEkBOMNvypsKYg,j43HgwYFKfk,1,@HectorCarranza-u4j4o,La cooptación de Walter Mazariegos en la USAC,Quorum
UC1NiEdJ7gk6FlDexIalWnGg,6W4u8sGEnGM,1,@BorisTebalán,Inician los trabajos de recuperación del Puente Belice II.,Gobierno de la República de Guatemala
UC1WlJfQmaIskYhP4gmWoamw,OkXlHx0hx-8,1,@marthareiss5434,EE.UU. envía a mexicanos deportados a Guatemala antes de su regreso a México | Noticias Telemundo,Noticias Telemundo
UC1Y7x3h0c95Z8kUhi-Tzaeg,PjmxCj-a9Hg,1,@rosadiaz9235,Conferencia de Prensa del Gobierno de Guatemala. #LaRondaGt,Gobierno de la República de Guatemala
UC1vr9aaMI2crB0NvwFHUeoQ,n8iP75gIpmw,1,@JoseSimilox-p6e,Qué rico come tu diputado,Quorum
UC2Y_EHWQKevubk4vOEBBFxw,n8iP75gIpmw,1,@alfonsomorales2653,Qué rico come tu diputado,Quorum
UC2ngpd8UBQu4gcUYy0goAtg,06mFNPU0aB8,1,@juliohernandez7438,Capturan a presuntos delincuentes disfrazados de mujer señalados de cometer asalto,Noti7
UC2weSE8rpqkGMOp6StYtVfg,n8iP75gIpmw,1,@katerynsantiago2907,Qué rico come tu diputado,Quorum
UC32oozucwCF3q8d4m8fyOUg,j43HgwYFKfk,1,@RauldejesusOlivagonzalez,La cooptación de Walter Mazariegos en la USAC,Quorum
UC3E9mAgP7VoAE5mZoAexl5g,n8iP75gIpmw,1,@EnnioAroche,Qué rico come tu diputado,Quorum
UC3MYTqpQqlWBuCB7Th0e0PA,n8iP75gIpmw,1,@isaaclopez7220,Qué rico come tu diputado,Quorum
UC3NMzdMYryaw82kPTnsaljg,n8iP75gIpmw,1,@marisosa7832,Qué rico come tu diputado,Quorum
UC3UVO7pTbeYvZ3ILEyRDskQ,j43HgwYFKfk,1,@rosaelenaargueta79,La cooptación de Walter Mazariegos en la USAC,Quorum
UC3XTwHxygNCgjndsg-UiCQA,n8iP75gIpmw,3,@marioajset4283,Qué rico come tu diputado,Quorum
UC3YpzAr7pcdKC7BVFEpYzog,6W4u8sGEnGM,1,@carmenfigueroa1232,Inician los trabajos de recuperación del Puente Belice II.,Gobierno de la República de Guatemala
UC3iIU62XKUOWuqL8BqBzj9A,b_Hkrkl3adA,1,@antonioduarte2288,Bloqueos en Guatemala este 31 de agosto por alza en combustibles afectan rutas principales,PrensaLibreOficial
UC3qn1yJA5PeW9rkGPatQxiw,n8iP75gIpmw,1,@VICTOREST19,Qué rico come tu diputado,Quorum
UC4Avya4kmR4Q0FrfFdBozSQ,j43HgwYFKfk,1,@davidlima1348,La cooptación de Walter Mazariegos en la USAC,Quorum
UC4cXueR2bKGFJV0Fk76gwmA,n8iP75gIpmw,1,@aluxdel4792,Qué rico come tu diputado,Quorum
UC4kg7zuTfqQKLd2bkZrSYBA,is3Mk5oC19g,1,@zoilagarcia9019,Capturan a ladrón que había quedado grabado mientras robaba en una parroquia de Retalhuleu,TN23 Guatemala
UC4wq3DcbfaG6dtCqn8Oyu3w,n8iP75gIpmw,1,@hugoasencio7764,Qué rico come tu diputado,Quorum
UC5H8ASmMC9WrURmzeB4ySog,n8iP75gIpmw,5,@ManuelEdran,Qué rico come tu diputado,Quorum
UC5PrBbmUlQolwqmiru7yZhw,b_Hkrkl3adA,1,@lazarochavez8269,Bloqueos en Guatemala este 31 de agosto por alza en combustibles afectan rutas principales,PrensaLibreOficial
UC5PyGvSfFM--OVKmQ3COu6g,lj983NWyAQY,1,@FreddyGmez,Plan 2032 Ciudad de Guatemala,Municipalidad de Guatemala
UC5bG9nc_JV3FsNP2KseQiYw,n8iP75gIpmw,1,@giovannirodas4836,Qué rico come tu diputado,Quorum
UC5fvhAfm89JH8eDFdvc0xYw,lj983NWyAQY,1,@isaidiaz2388,Plan 2032 Ciudad de Guatemala,Municipalidad de Guatemala
UC5hvEnRUzI4Kfvwnyi4QxqQ,j43HgwYFKfk,1,@leonelsantizo5281,La cooptación de Walter Mazariegos en la USAC,Quorum
UC5wuDq3U3vRAhOQI3D7gNdw,ndAZjHqzzT8,1,@allanreneramirezgonzalez534,Internet: escoger el menos malo,Quorum
UC63tFvbQ_hJhGDi2nbjssjw,6W4u8sGEnGM,1,@AbigailRodas-w2r,Inician los trabajos de recuperación del Puente Belice II.,Gobierno de la República de Guatemala
UC650pRT-OYzny3GwOH8Cgfw,n8iP75gIpmw,1,@edvinparedesherrera7632,Qué rico come tu diputado,Quorum
UC6PvO1_k5lHKGdAPo5_C6TA,n8iP75gIpmw,1,@johnmejia992,Qué rico come tu diputado,Quorum
UC6Uj1FT5JjDSF8vudvDxPAA,j43HgwYFKfk,1,@alfredoortega9264,La cooptación de Walter Mazariegos en la USAC,Quorum
UC6YSZqL0vEcI-niPKIMUGfw,n8iP75gIpmw,1,@maxwellsales885,Qué rico come tu diputado,Quorum
UC6xI_MOaxajIWpoP8BH6E_Q,s0eco-BofOs,1,@jahirdiaz5862,¿Quiénes pagan más en Centroamérica?,Quorum
UC72gBAtyb_VXQlYDcFrh6oQ,n8iP75gIpmw,3,@osmanmorales3012,Qué rico come tu diputado,Quorum
UC7IMsCxfZyWN7YQo8-JYa6Q,PjmxCj-a9Hg,2,@Burgos68,Conferencia de Prensa del Gobierno de Guatemala. #LaRondaGt,Gobierno de la República de Guatemala
UC7VUuJr9cGh845CmTvf7TlQ,n8iP75gIpmw,1,@LuisCastillo-oz4df,Qué rico come tu diputado,Quorum
UC7dadZG7kkGYnsNu6td0FbA,j43HgwYFKfk,1,@lesolorzano,La cooptación de Walter Mazariegos en la USAC,Quorum
UC816IGbFCZinfYS1LRDaaHg,j43HgwYFKfk,1,@ingenieroar,La cooptación de Walter Mazariegos en la USAC,Quorum
UC8F2V63KZ4ZEay6opX2hAQw,n8iP75gIpmw,1,@carmenr6311,Qué rico come tu diputado,Quorum
UC8G5cJONY8L9voMyBW8Eoug,n8iP75gIpmw,1,@luisparedes-pw6qt,Qué rico come tu diputado,Quorum
UC8r11yOugM2NuRfitQOxLLg,n8iP75gIpmw,1,@cesaraugustomoralesmonroy6907,Qué rico come tu diputado,Quorum
UC8xlJWNHz1V_W6q3fbuQH8g,PjmxCj-a9Hg,1,@NormaLópez-v7e,Conferencia de Prensa del Gobierno de Guatemala. #LaRondaGt,Gobierno de la República de Guatemala
UC95PSMouTx2N5CbSq0hIyrQ,j43HgwYFKfk,1,@lisss1908,La cooptación de Walter Mazariegos en la USAC,Quorum
UC9Wp6vL5oCU37qC3Aj94WZA,b_Hkrkl3adA,1,@ManuelSanchez-b8q2z,Bloqueos en Guatemala este 31 de agosto por alza en combustibles afectan rutas principales,PrensaLibreOficial
UC9vMq1YF-e7C-VO0SHkbUTA,n8iP75gIpmw,4,@ErvinLeonardoCarreraLatín,Qué rico come tu diputado,Quorum
UC9xr9QvIcDvoZNUX5f-jaZw,n8iP75gIpmw,1,@MariaaliciaColonmorales,Qué rico come tu diputado,Quorum
UCA93ym2TXs_Ibyxb4Vcn-6Q,n8iP75gIpmw,1,@oswaldosolis8728,Qué rico come tu diputado,Quorum
UCAKuKvcbfnBD3kF5njNu-IA,j43HgwYFKfk,1,@melvinlopez7096,La cooptación de Walter Mazariegos en la USAC,Quorum
UCAV7QIjYhbDJaycQycM_0eQ,PjmxCj-a9Hg,1,@mariavail8998,Conferencia de Prensa del Gobierno de Guatemala. #LaRondaGt,Gobierno de la República de Guatemala
UCAlzM_N6xBlMYmM8EBzX86Q,n8iP75gIpmw,1,@carlossoto3252,Qué rico come tu diputado,Quorum
UCAmtbUiIrUIhikru0ZoTFig,n8iP75gIpmw,1,@Aura-vf6dm,Qué rico come tu diputado,Quorum
UCAxvOOHQk7dYPOajzFEVtbA,06mFNPU0aB8,2,@ruddydepaz322,Capturan a presuntos delincuentes disfrazados de mujer señalados de cometer asalto,Noti7
UCB5p8a5gklc80jJItP6xTHg,n8iP75gIpmw,1,@ernestogamboa8737,Qué rico come tu diputado,Quorum
UCBlm80VQ4YoV3bUJR_XhkaQ,OkXlHx0hx-8,2,@rosadiaz6945,EE.UU. envía a mexicanos deportados a Guatemala antes de su regreso a México | Noticias Telemundo,Noticias Telemundo
UCBtB5dIyx-C16UN8ClUD2UA,is3Mk5oC19g,1,@alexmonzon4257,Capturan a ladrón que había quedado grabado mientras robaba en una parroquia de Retalhuleu,TN23 Guatemala
UCCBYcToQ2dwkd6TJh0FSyDg,j43HgwYFKfk,1,@lidiarodriguez3493,La cooptación de Walter Mazariegos en la USAC,Quorum
UCCUmP4PlbwgikVFpYwbtRTg,yLZS3JiEBg8,1,@alhvi,Arroz con pollo a la MONOPOLIO,Quorum
UCCaYwkkbQGcvFoUmothVdQQ,n8iP75gIpmw,1,@OsvaldoAguirre-l3i,Qué rico come tu diputado,Quorum
UCDIMztpVm7G27qBuiWuT6oQ,n8iP75gIpmw,1,@lizardomorataya8274,Qué rico come tu diputado,Quorum
UCDPWkUX3sNNaCx-m1dV4glA,n8iP75gIpmw,1,@hectoroliva949,Qué rico come tu diputado,Quorum
UCDQaQv0hr2SS_PO-CMEwVHg,n8iP75gIpmw,1,@federicosaquimux1933,Qué rico come tu diputado,Quorum
UCDUffaruH6dyUnUGwsTKpgg,n8iP75gIpmw,1,@luisletona2842,Qué rico come tu diputado,Quorum
UCDftMWXQoJ6nONfY7GVOVjg,n8iP75gIpmw,1,@luisgpacheco5858,Qué rico come tu diputado,Quorum
UCDlr1VadSucIZgZ171pRBjQ,n8iP75gIpmw,1,@cuabatzjj5924,Qué rico come tu diputado,Quorum
UCDrmf9y9nLgFY5wnA2hTuGA,j43HgwYFKfk,1,@laboratorio5528,La cooptación de Walter Mazariegos en la USAC,Quorum
UCEHXl4VvvVpq-_4xC5tsbhg,6W4u8sGEnGM,1,@anibalg47,Inician los trabajos de recuperación del Puente Belice II.,Gobierno de la República de Guatemala
UCEgEQmRbtL5fwr9_DqAC--g,n8iP75gIpmw,1,@ArielRodas-g5y,Qué rico come tu diputado,Quorum
UCErZPJpHmLCsXs8ZWkAUupQ,n8iP75gIpmw,1,@dorisl.garciaroche7763,Qué rico come tu diputado,Quorum
UCFFrEmn6lPYiWyElpfzTy5Q,is3Mk5oC19g,1,@denilsonlopez4083,Capturan a ladrón que había quedado grabado mientras robaba en una parroquia de Retalhuleu,TN23 Guatemala
UCFOxCyF926Y9eHhMeVoWLzw,lj983NWyAQY,1,@arielsarc09,Plan 2032 Ciudad de Guatemala,Municipalidad de Guatemala
UCFUuDARXdmmIrLppEqf-rFg,n8iP75gIpmw,1,@allanmunoz7410,Qué rico come tu diputado,Quorum
UCFhxtoeARHPnXXPcDrOU3Xg,n8iP75gIpmw,1,@diegoalejandrolopezmendez205,Qué rico come tu diputado,Quorum
UCFjudnPLoaSL1BaRuLahyHg,n8iP75gIpmw,3,@HaroldoCastillo-rh9iw,Qué rico come tu diputado,Quorum
UCFoIAE8k82D6AV-8gjjKaNg,n8iP75gIpmw,1,@eddymunoz9789,Qué rico come tu diputado,Quorum
UCFxE8GbokBrBsPEKM1xrOjQ,n8iP75gIpmw,1,@JuanDavila-qd7qj,Qué rico come tu diputado,Quorum
UCFybmWapGvBKcQod7cPPH9w,6W4u8sGEnGM,1,@vitalianochavez8382,Inician los trabajos de recuperación del Puente Belice II.,Gobierno de la República de Guatemala
UCGGHbtfbbe0o68etrOf0qxw,j43HgwYFKfk,1,@karensussetteleonvargas9794,La cooptación de Walter Mazariegos en la USAC,Quorum
UCGX_UbAQOXGZknv5iqklwTA,PjmxCj-a9Hg,1,@ronaldgarcia8522,Conferencia de Prensa del Gobierno de Guatemala. #LaRondaGt,Gobierno de la República de Guatemala
UCGZMgmM92E3njyXNe9-kjAQ,OkXlHx0hx-8,1,@pasionpornada,EE.UU. envía a mexicanos deportados a Guatemala antes de su regreso a México | Noticias Telemundo,Noticias Telemundo
UCGj2v6Gl5bN8NSrzJMXS-CA,WIUZtitfLRw,1,@juliogutierrez492,Caminar en una ciudad hecha para carros,Quorum
UCGm3gRBEHGRJYmtCryZLtDw,b_Hkrkl3adA,1,@JoséLopez-g6k,Bloqueos en Guatemala este 31 de agosto por alza en combustibles afectan rutas principales,PrensaLibreOficial
UCGqKxQS-z3NZzZF-2w338AA,lj983NWyAQY,1,@samuelaguilar529,Plan 2032 Ciudad de Guatemala,Municipalidad de Guatemala
UCGzXwyCzMzGmjmCbH3Hg01Q,n8iP75gIpmw,1,@FidelZacarias-ph7dy,Qué rico come tu diputado,Quorum
UCHGd14aYuZZShLD73dkk6mg,JkpVO1hx2f8,1,@noemiherrera3152,10 Preguntas a un año del Paro Nacional,Quorum
UCHMQ_lDhibZ-XZ_3fo6oxwg,lj983NWyAQY,1,@crislexrubi4387,Plan 2032 Ciudad de Guatemala,Municipalidad de Guatemala
UCHTGCgY2l-DQJIvlA_cpa_Q,PjmxCj-a9Hg,1,@virgiliogarcia3039,Conferencia de Prensa del Gobierno de Guatemala. #LaRondaGt,Gobierno de la República de Guatemala
UCHTGCgY2l-DQJIvlA_cpa_Q,n8iP75gIpmw,2,@virgiliogarcia3039,Qué rico come tu diputado,Quorum
UCHbwIx9pmQuf7i-4_xO2EpA,j43HgwYFKfk,1,@caminoseternos752,La cooptación de Walter Mazariegos en la USAC,Quorum
UCHhHUjaMAZ8SiXdCUCj9DkQ,n8iP75gIpmw,2,@fredymendez1786,Qué rico come tu diputado,Quorum
UCHu8x4MVkayU6VgwVKd--MQ,b_Hkrkl3adA,1,@Hernandez-i1o,Bloqueos en Guatemala este 31 de agosto por alza en combustibles afectan rutas principales,PrensaLibreOficial
UCIUhbSCy3-SGRe5UtqM4fzQ,lj983NWyAQY,1,@jeanmorales1677,Plan 2032 Ciudad de Guatemala,Municipalidad de Guatemala
UCIXLDYqR_syskKRJy_x9W9Q,06mFNPU0aB8,1,@carlitosramirez4739,Capturan a presuntos delincuentes disfrazados de mujer señalados de cometer asalto,Noti7
UCIgoiXdIKJyUGmUoH2Lxdzg,OkXlHx0hx-8,1,@susievidal4134,EE.UU. envía a mexicanos deportados a Guatemala antes de su regreso a México | Noticias Telemundo,Noticias Telemundo
UCIp19h9igblA2YKfSLPDAug,lj983NWyAQY,1,@JoseReyes-rn6sh,Plan 2032 Ciudad de Guatemala,Municipalidad de Guatemala
UCJp3OrVYcBorC94sKwdch_A,ndAZjHqzzT8,1,@ULJoshmg2011,Internet: escoger el menos malo,Quorum
UCJxJC56BSAX-ArD0NAb9qnQ,3Nfp9h5avBI,1,@alfonsowilian9157,"Noticiero en Directo 1 pm, 28 de Agosto de 2026",Noticiero Guatevisión 13 Hrs.
UCKDR0f2fu2UzWL8mBv5-BHw,n8iP75gIpmw,1,@mireyamorales6595,Qué rico come tu diputado,Quorum
UCKVzDUqbtdSMBcexaEtMmzQ,TT4qJ5FXHYE,1,@rotorairgroup8409,"I’x K’at: el primer equipo guatemalteco de pelota maya, conformado únicamente por mujeres.",Quorum
UCL13XhnRzbGokEkCkEOb0-g,n8iP75gIpmw,2,@raquelprado3643,Qué rico come tu diputado,Quorum
UCL1MT278vSaQ83ZDkVWn1gw,n8iP75gIpmw,1,@elmorodriguez6978,Qué rico come tu diputado,Quorum
UCLFdHr9BEbXHkoJopbEPLZw,n8iP75gIpmw,2,@kanterra4584,Qué rico come tu diputado,Quorum
UCLXYp1Cvc5DLtq5UQL5D9vw,06mFNPU0aB8,1,@jorgecifuentes-m5g,Capturan a presuntos delincuentes disfrazados de mujer señalados de cometer asalto,Noti7
UCLggDc_a5HriXv7I1h02sOA,n8iP75gIpmw,2,@guillermogonzalez5153,Qué rico come tu diputado,Quorum
UCLh1Kde4_vI1sTZBkTNP7RQ,is3Mk5oC19g,1,@JoelReynoso-d4r,Capturan a ladrón que había quedado grabado mientras robaba en una parroquia de Retalhuleu,TN23 Guatemala
UCN2N_wYOw6fMwCeSzdXLPIw,PjmxCj-a9Hg,1,@danielantoniogonzalezflore4901,Conferencia de Prensa del Gobierno de Guatemala. #LaRondaGt,Gobierno de la República de Guatemala
UCN6qbfPSzFtjhqUDZ3Cv3CQ,n8iP75gIpmw,1,@carlosmedranovelasquez6380,Qué rico come tu diputado,Quorum
UCNBnKqWf4d-rS4HwJRQljmQ,n8iP75gIpmw,2,@LE_A22,Qué rico come tu diputado,Quorum
UCNIeXbV_mEwpa412h1aqUWw,PjmxCj-a9Hg,3,@juandeleon9060,Conferencia de Prensa del Gobierno de Guatemala. #LaRondaGt,Gobierno de la República de Guatemala
UCNiMNUJvaRJb0_QLClqwVnA,TT4qJ5FXHYE,1,@Santiago.Nolasco,"I’x K’at: el primer equipo guatemalteco de pelota maya, conformado únicamente por mujeres.",Quorum
UCNkcuy42zEwddwEcOd_HpnA,n8iP75gIpmw,1,@vanigomez492,Qué rico come tu diputado,Quorum
UCNpt5CQlTzNjlAKY6CJtClQ,j43HgwYFKfk,1,@eustaquiogomez9975,La cooptación de Walter Mazariegos en la USAC,Quorum
UCO0zwwLWGyDgQmWPJ5Qrr1w,06mFNPU0aB8,1,@elsalvador3605,Capturan a presuntos delincuentes disfrazados de mujer señalados de cometer asalto,Noti7
UCOARn3hnfkB7-_Rwa8Hoqcw,WIUZtitfLRw,1,@nicelol5241,Caminar en una ciudad hecha para carros,Quorum
UCOLGv5Pf6BF2wFcwUzgcvHg,n8iP75gIpmw,2,@welfrealdana5559,Qué rico come tu diputado,Quorum
UCOLHH4ZpMxPYF-Q6e6wvn5A,OkXlHx0hx-8,1,@luisroldan7374,EE.UU. envía a mexicanos deportados a Guatemala antes de su regreso a México | Noticias Telemundo,Noticias Telemundo
UCOS8ViEkccrTZx2w2ccxotA,n8iP75gIpmw,1,@OscarHernandez-q8y,Qué rico come tu diputado,Quorum
UCOY3XpD9qMCRSA8AA8c4CAw,yLZS3JiEBg8,1,@franciscorodas9686,Arroz con pollo a la MONOPOLIO,Quorum
UCOcUI5XkTYNMSFhZNMIPpGg,j43HgwYFKfk,1,@hendersonlopez3864,La cooptación de Walter Mazariegos en la USAC,Quorum
UCOh6DaZC_x9HASnlRylEMfw,n8iP75gIpmw,1,@AndresMedina-v1s,Qué rico come tu diputado,Quorum
UCPLW0HE3siElqCgXfgWxMqg,X_FAIef8qlE,1,@elizabethmonterroso7719,Cruzando la ciudad a puro Transmetro,Quorum
UCPNXmbOBVeC4HS-xemvcPtQ,OkXlHx0hx-8,1,@BelkisRodriguezRamirez,EE.UU. envía a mexicanos deportados a Guatemala antes de su regreso a México | Noticias Telemundo,Noticias Telemundo
UCPZueDLrCS4BmTBRMA4q0fA,PjmxCj-a9Hg,1,@kevinochoa3695,Conferencia de Prensa del Gobierno de Guatemala. #LaRondaGt,Gobierno de la República de Guatemala
UCQIdKuZ-OzuFqy0KjGrgesg,JkpVO1hx2f8,1,@lyacausa,10 Preguntas a un año del Paro Nacional,Quorum
UCQM2tCKRRytVDRxNUfCDqQQ,zweosulrwA8,1,@elioelias7267,Edén por Salud: empleo inclusivo para personas con discapacidad en Antigua | Super - Episodio 2,Quorum
UCQMMuADgqWUOcJpLwHOzC-g,OkXlHx0hx-8,1,@Ripped-Yoda,EE.UU. envía a mexicanos deportados a Guatemala antes de su regreso a México | Noticias Telemundo,Noticias Telemundo
UCQ_-LPP8JAbfkc-b1Q6NvWw,n8iP75gIpmw,2,@MegaKristenstewart,Qué rico come tu diputado,Quorum
UCQgYjVngJRfPHDLGB5X6ZjA,n8iP75gIpmw,1,@oscarnavas9996,Qué rico come tu diputado,Quorum
UCQqetiwzzmRNTM5OWuXarGQ,n8iP75gIpmw,1,@isaiaslopezvelasquez1539,Qué rico come tu diputado,Quorum
UCQqlPPUGqAfWjd-FSh_qn7Q,j43HgwYFKfk,1,@estuardoargueta137,La cooptación de Walter Mazariegos en la USAC,Quorum
UCQtICyzWmhC5woCtbNgaSmg,n8iP75gIpmw,2,@nestormendez6216,Qué rico come tu diputado,Quorum
UCQtSFINs1h6GHkpg9o5kMvg,n8iP75gIpmw,1,@MacarioMartinezruiz,Qué rico come tu diputado,Quorum
UCQyOePccUP-fIJYzchAgZYw,j43HgwYFKfk,1,@aguilar4254,La cooptación de Walter Mazariegos en la USAC,Quorum
UCRAquv8el-tQ30bN7MlmySQ,j43HgwYFKfk,1,@iamjimalesssa,La cooptación de Walter Mazariegos en la USAC,Quorum
UCRETAiYdh2dL5ZxB0_N1zDA,n8iP75gIpmw,1,@Joseroland21,Qué rico come tu diputado,Quorum
UCRcSR3Lvn9DZAmJpVPANfZQ,lj983NWyAQY,1,@WalksandSuch,Plan 2032 Ciudad de Guatemala,Municipalidad de Guatemala
UCRelkU8JiZBytTzebJxaa-w,n8iP75gIpmw,1,@danyraymundo2942,Qué rico come tu diputado,Quorum
UCRfkkatKrNtAARnXMMYBGlA,6W4u8sGEnGM,1,@BernerSoza-mg3vx,Inician los trabajos de recuperación del Puente Belice II.,Gobierno de la República de Guatemala
UCRlCV9zSn7avAWh-9_XFWqQ,n8iP75gIpmw,1,@ronyarana8849,Qué rico come tu diputado,Quorum
UCRvPToDkkumha7WJAfCDk1A,j43HgwYFKfk,1,@ligiaguerra3057,La cooptación de Walter Mazariegos en la USAC,Quorum
UCRznz9-N3Qc1w-qNdLSIY2Q,lj983NWyAQY,1,@jimmygomez724,Plan 2032 Ciudad de Guatemala,Municipalidad de Guatemala
UCSTAUWVc1_82DHYeqOsqEFA,lj983NWyAQY,1,@TheAlexX_C,Plan 2032 Ciudad de Guatemala,Municipalidad de Guatemala
UCSou6a2OuYGSvPjm5psquyA,n8iP75gIpmw,1,@FranciscoRivera-sf7ne,Qué rico come tu diputado,Quorum
UCTD6q1nyIe3Y7HhqjaMj72w,n8iP75gIpmw,1,@JuanChang-r6k,Qué rico come tu diputado,Quorum
UCTP3O0rMnc8z8v8jaDQwL0w,n8iP75gIpmw,1,@RobertoZelaya-x1v,Qué rico come tu diputado,Quorum
UCTTILH6QCIxbTnEWxwRqs1g,yLZS3JiEBg8,1,@3762Jorge,Arroz con pollo a la MONOPOLIO,Quorum
UCThW2XNsAaBKme5PUt7n-Zg,n8iP75gIpmw,1,@thelmamoran8565,Qué rico come tu diputado,Quorum
UCTwSut16JyAg3mX6LVUNGqA,n8iP75gIpmw,1,@SuperVictor2005,Qué rico come tu diputado,Quorum
UCTylKrsqkrBKIqubMu_5N0Q,n8iP75gIpmw,1,@edwingeovanymarroquinmarro6684,Qué rico come tu diputado,Quorum
UCUIIIPTVDVHAXqhC_5V6lPA,n8iP75gIpmw,1,@gorrarota,Qué rico come tu diputado,Quorum
UCUoYsrx1oZnCZ0usbBJn4fA,j43HgwYFKfk,1,@AnaDiaz-re9sq,La cooptación de Walter Mazariegos en la USAC,Quorum
UCV0iizTBoOfdAFX_thfI9BA,n8iP75gIpmw,1,@BenjaminLarios-jd8nk,Qué rico come tu diputado,Quorum
UCV0lM03g5fg5pbPj97-sAtA,j43HgwYFKfk,1,@genarodelgado3929,La cooptación de Walter Mazariegos en la USAC,Quorum
UCV3fr-YOixFKCZBbJP1-X4w,6W4u8sGEnGM,5,@albertoshernandez5251,Inician los trabajos de recuperación del Puente Belice II.,Gobierno de la República de Guatemala
UCVC2QugcI1G4RvlCiUqd1aQ,ndAZjHqzzT8,2,@rwdm76,Internet: escoger el menos malo,Quorum
UCVQf0tzL7xRzFJsABVVULpg,PjmxCj-a9Hg,1,@DennisseLopetegi,Conferencia de Prensa del Gobierno de Guatemala. #LaRondaGt,Gobierno de la República de Guatemala
UCVdjCrh4tQoX3haNAZv-n5A,OkXlHx0hx-8,1,@aurahernandez5646,EE.UU. envía a mexicanos deportados a Guatemala antes de su regreso a México | Noticias Telemundo,Noticias Telemundo
UCVhif9eV0f8plICen2DnpKA,WIUZtitfLRw,1,@blogarteplus,Caminar en una ciudad hecha para carros,Quorum
UCW-JC6lebVmf2P1dmY_L94g,j43HgwYFKfk,1,@dinoraoroxon5771,La cooptación de Walter Mazariegos en la USAC,Quorum
UCW80DaMjQlEUibC98Cot-Dg,j43HgwYFKfk,1,@rogeraldana4289,La cooptación de Walter Mazariegos en la USAC,Quorum
UCWIZUtKJ636y-4TYrNvok0g,n8iP75gIpmw,1,@cesarandreas7824,Qué rico come tu diputado,Quorum
UCWWkebAekppaL5b5CNlppuw,JkpVO1hx2f8,1,@ninettmartinez425,10 Preguntas a un año del Paro Nacional,Quorum
UCWaRixDdpgllTBf4V0jPnKQ,6W4u8sGEnGM,2,@hectormaaz5523,Inician los trabajos de recuperación del Puente Belice II.,Gobierno de la República de Guatemala
UCWoAVGVqCn4xtINCMOTM4jg,j43HgwYFKfk,1,@OmarMartinez-vv8re,La cooptación de Walter Mazariegos en la USAC,Quorum
UCWvntqPQx99k_Z_skWKqNSA,6W4u8sGEnGM,1,@AntonioChiyal-x5s,Inician los trabajos de recuperación del Puente Belice II.,Gobierno de la República de Guatemala
UCXN2s7DwTJm33xO-pNkAdaA,06mFNPU0aB8,1,@edithsan7688,Capturan a presuntos delincuentes disfrazados de mujer señalados de cometer asalto,Noti7
UCXO1BBohNWXkK9SBDAG2ySg,yLZS3JiEBg8,1,@JBFlute92,Arroz con pollo a la MONOPOLIO,Quorum
UCXSkL3ejZ8qWYyF_M7s_QKA,n8iP75gIpmw,1,@JacintaTzoy,Qué rico come tu diputado,Quorum
UCXVLc8CmAO813ubM-fLvCDw,yLZS3JiEBg8,1,@herminiasaquimux7565,Arroz con pollo a la MONOPOLIO,Quorum
UCXXh7yg5KUFIWylTiKVEFKQ,n8iP75gIpmw,2,@MrDuenderojo,Qué rico come tu diputado,Quorum
UCXgr7vXlRrsaskPdo097kGA,n8iP75gIpmw,1,@Rogergh-nw4oj,Qué rico come tu diputado,Quorum
UCXl30Y_upRqbti52fmjK4YA,yLZS3JiEBg8,1,@capitanfrans,Arroz con pollo a la MONOPOLIO,Quorum
UCXmrpc6Li0spcKxtS0Q_ptg,lj983NWyAQY,1,@melvinperez6710,Plan 2032 Ciudad de Guatemala,Municipalidad de Guatemala
UCXr8_5WtGeipe4haOoQDgyQ,n8iP75gIpmw,1,@amyherrera7352,Qué rico come tu diputado,Quorum
UCY7Hq7F9Lnucf-Yr6JkHZNw,lj983NWyAQY,1,@maynorcalel1442,Plan 2032 Ciudad de Guatemala,Municipalidad de Guatemala
UCYN4wSQ1Sx4_LurxLlW7MPg,n8iP75gIpmw,1,@belarminavillatoro6474,Qué rico come tu diputado,Quorum
UCYwpX26TrCxq8TvbKGRYLXA,n8iP75gIpmw,1,@beneficioelcaminovillacana8540,Qué rico come tu diputado,Quorum
UCZ51R_9Q9C0c8I3pAWhtmjQ,n8iP75gIpmw,1,@belvettzapeta1251,Qué rico come tu diputado,Quorum
UCZFQwqh90apuL8eFhvRBkUg,6W4u8sGEnGM,1,@luisricardo9671,Inician los trabajos de recuperación del Puente Belice II.,Gobierno de la República de Guatemala
UCZIQnb1fkwe39Iw2TAu-bGA,WIUZtitfLRw,1,@jorgegomez2237,Caminar en una ciudad hecha para carros,Quorum
UCZLG9qH0tUjNhEGFIUt0CYw,n8iP75gIpmw,1,@SoniaMarroquin-y6e,Qué rico come tu diputado,Quorum
UCZOmq6MwFDVoCaEl99BRRaw,ndAZjHqzzT8,1,@daniloarevalo3170,Internet: escoger el menos malo,Quorum
UCZeIIQrGAedW8tCbKWmGY-A,j43HgwYFKfk,1,@mariocordon8873,La cooptación de Walter Mazariegos en la USAC,Quorum
UCZjm6U576nX8WOiLhmMR3bw,OkXlHx0hx-8,1,@MariaNavarroYT,EE.UU. envía a mexicanos deportados a Guatemala antes de su regreso a México | Noticias Telemundo,Noticias Telemundo
UC_3xuTXvMIWU5MYP9HkJ3vQ,06mFNPU0aB8,1,@Historia-wm4os,Capturan a presuntos delincuentes disfrazados de mujer señalados de cometer asalto,Noti7
UC_6KbBY1bsYXz9fwFS0eQRg,ndAZjHqzzT8,1,@imrcp5694,Internet: escoger el menos malo,Quorum
UC_LYoGs5C3mbZKZuKuqYCvw,j43HgwYFKfk,1,@javiercifuentesarchila6041,La cooptación de Walter Mazariegos en la USAC,Quorum
UC_NRVt2UP88ZNTwzrZ66JSg,UhL9y3KUl8E,1,@aditalissethevasquezrojas8039,SHAI WA: la vecina queer de Casa Presidencial,Quorum
UC_ljZ1hZXR9pzexFz87P5ZA,lj983NWyAQY,1,@ChRiStOpHeR7969,Plan 2032 Ciudad de Guatemala,Municipalidad de Guatemala
UCa36MjQLoPAmgJo-R3G8WQA,6W4u8sGEnGM,1,@elsasalguero6914,Inician los trabajos de recuperación del Puente Belice II.,Gobierno de la República de Guatemala
UCaKAjTW9MVub_clgr4DRYjQ,j43HgwYFKfk,1,@josecastillo4390,La cooptación de Walter Mazariegos en la USAC,Quorum
UCaT4saRcyqCLE657Rq2hhZQ,6W4u8sGEnGM,1,@elmilenial4064,Inician los trabajos de recuperación del Puente Belice II.,Gobierno de la República de Guatemala
UCaT6M2zp7X6r6Whd8Vv3kHQ,lj983NWyAQY,1,@alexarcos8349,Plan 2032 Ciudad de Guatemala,Municipalidad de Guatemala
UCat2qkYvqmtDNEmo2PVuhXw,OkXlHx0hx-8,1,@DoraSalas-j5o,EE.UU. envía a mexicanos deportados a Guatemala antes de su regreso a México | Noticias Telemundo,Noticias Telemundo
UCbNanjFI51cwGqMAb2rOrBw,OkXlHx0hx-8,1,@RosaMontesdeOca777,EE.UU. envía a mexicanos deportados a Guatemala antes de su regreso a México | Noticias Telemundo,Noticias Telemundo
UCbYoNG5J3Au5BqtbXogfEFw,PjmxCj-a9Hg,1,@Luis-gn3fj,Conferencia de Prensa del Gobierno de Guatemala. #LaRondaGt,Gobierno de la República de Guatemala
UCbrtvygfRT6QXqWDNrOf-cA,ndAZjHqzzT8,1,@Alejandro00710,Internet: escoger el menos malo,Quorum
UCbrtvygfRT6QXqWDNrOf-cA,yLZS3JiEBg8,1,@Alejandro00710,Arroz con pollo a la MONOPOLIO,Quorum
UCcFIBN-rtC3d3hXeuN5TfWw,yLZS3JiEBg8,1,@DenisRMC,Arroz con pollo a la MONOPOLIO,Quorum
UCc_F88PzGWtA1OPNUEASulA,yLZS3JiEBg8,1,@rockyscarlet,Arroz con pollo a la MONOPOLIO,Quorum
UCcfdg8crmMJwEuLUsAhV7yg,n8iP75gIpmw,1,@RolandoRaguay,Qué rico come tu diputado,Quorum
UCdFlugHJJa4l3YqWuNRmvXw,is3Mk5oC19g,1,@MarcosCarillo-b1r,Capturan a ladrón que había quedado grabado mientras robaba en una parroquia de Retalhuleu,TN23 Guatemala
UCdFlugHJJa4l3YqWuNRmvXw,j43HgwYFKfk,1,@MarcosCarillo-b1r,La cooptación de Walter Mazariegos en la USAC,Quorum
UCdQAuWwyC99MB7Y02Umj26Q,yLZS3JiEBg8,1,@miguelbran1268,Arroz con pollo a la MONOPOLIO,Quorum
UCe8JZoYkX5oKUZyivHYdXhw,j43HgwYFKfk,1,@FernandoGarcia-jg1fj,La cooptación de Walter Mazariegos en la USAC,Quorum
UCeDNEtI8_a42bZ47wJiJMwQ,j43HgwYFKfk,1,@EdgarcalderonCalderong,La cooptación de Walter Mazariegos en la USAC,Quorum
UCeQk-WfEA-cJRq4EKeE7TOw,6W4u8sGEnGM,1,@franciscojuarez9223,Inician los trabajos de recuperación del Puente Belice II.,Gobierno de la República de Guatemala
UCefAH1MbvADWUjE9WVcB9EQ,yLZS3JiEBg8,1,@jabriz8152,Arroz con pollo a la MONOPOLIO,Quorum
UCf5lnNZF7Qrtli9v4N_23WQ,PjmxCj-a9Hg,1,@CarlosCortez-v5r,Conferencia de Prensa del Gobierno de Guatemala. #LaRondaGt,Gobierno de la República de Guatemala
UCfM3nrxtTQMY5jFx1v1J4Gg,n8iP75gIpmw,1,@edgarroldan5539,Qué rico come tu diputado,Quorum
UCfRqgt2O-vjzUDMZY_tnxQw,is3Mk5oC19g,1,@Williams-Garcia67E,Capturan a ladrón que había quedado grabado mientras robaba en una parroquia de Retalhuleu,TN23 Guatemala
UCfXykdbSU97rj987LDUGfvg,06mFNPU0aB8,1,@MariaSantos-c8y3h,Capturan a presuntos delincuentes disfrazados de mujer señalados de cometer asalto,Noti7
UCfjhejO7LZy4doXURa7LZCQ,06mFNPU0aB8,1,@HonwayLee-z5g,Capturan a presuntos delincuentes disfrazados de mujer señalados de cometer asalto,Noti7
UCfo_yUPzy1f1POwwZxhZ06Q,6W4u8sGEnGM,1,@lara11roberto,Inician los trabajos de recuperación del Puente Belice II.,Gobierno de la República de Guatemala
UCg3eIfd7BrsLEqS0BLkftHA,PjmxCj-a9Hg,3,@ErmePérez-q4s,Conferencia de Prensa del Gobierno de Guatemala. #LaRondaGt,Gobierno de la República de Guatemala
UCgGqw4aqMdMVSGkKiMgrJRQ,6W4u8sGEnGM,1,@pattyfigueroa5609,Inician los trabajos de recuperación del Puente Belice II.,Gobierno de la República de Guatemala
UCgJNFj5dnxXpcMvmuhZDPxA,j43HgwYFKfk,1,@NataliaRodriguez-rx5mr,La cooptación de Walter Mazariegos en la USAC,Quorum
UCgLrWFdYitoP-b7-PxtUr-w,lj983NWyAQY,1,@zetag,Plan 2032 Ciudad de Guatemala,Municipalidad de Guatemala
UCgLurCo-e019HGODcjXHWCw,lj983NWyAQY,1,@perritojuega1,Plan 2032 Ciudad de Guatemala,Municipalidad de Guatemala
UCgQJgI9vu1FI2dnC9mrFthw,PjmxCj-a9Hg,1,@srms70,Conferencia de Prensa del Gobierno de Guatemala. #LaRondaGt,Gobierno de la República de Guatemala
UCgQw_Sbq3ugruDUKsq1e0-A,j43HgwYFKfk,1,@marlenareano-h4t,La cooptación de Walter Mazariegos en la USAC,Quorum
UCgvw7xIdGFupzpt1Y_BFkEA,n8iP75gIpmw,1,@fredygarcia9151,Qué rico come tu diputado,Quorum
UCh5ESQvtzyHDhCA7XyekCFA,n8iP75gIpmw,3,@andyB5280,Qué rico come tu diputado,Quorum
UChT7pzGytNd92Nmvi-zuWog,yLZS3JiEBg8,1,@sparkvalkov,Arroz con pollo a la MONOPOLIO,Quorum
UChZknRmJkeGeQk0-mQuhDOg,n8iP75gIpmw,1,@OdilioRodríguez-c5w,Qué rico come tu diputado,Quorum
UCheEJ5GZuIvV0fj-nXyVwXw,6W4u8sGEnGM,1,@rosaoliva9389,Inician los trabajos de recuperación del Puente Belice II.,Gobierno de la República de Guatemala
UChep9kVb5gQmpodEEl10Xlg,n8iP75gIpmw,1,@carlosaguilar-kz7ml,Qué rico come tu diputado,Quorum
UChgkn5Jt5tWKYMoEOuCjz3Q,n8iP75gIpmw,1,@pablochitay46,Qué rico come tu diputado,Quorum
UChs3tU2BcKOT0CezykvAsGw,n8iP75gIpmw,3,@byronpontaza,Qué rico come tu diputado,Quorum
UChyps3dqY-VY1_wLeq-2lhw,6W4u8sGEnGM,1,@maydamorales4395,Inician los trabajos de recuperación del Puente Belice II.,Gobierno de la República de Guatemala
UCi-vPdnpQreC7BkFs40mJGA,lj983NWyAQY,1,@bryansicasales4280,Plan 2032 Ciudad de Guatemala,Municipalidad de Guatemala
UCi1b_TRQfgO1Z9O2gNGGWNA,n8iP75gIpmw,2,@davidisraelesquitsaquil,Qué rico come tu diputado,Quorum
UCi2KiZq63sRq8Mfbcp-MelQ,OkXlHx0hx-8,6,@eugeneramirez4405,EE.UU. envía a mexicanos deportados a Guatemala antes de su regreso a México | Noticias Telemundo,Noticias Telemundo
UCiC-Jn7wdgyQV4_Urk0DkWQ,j43HgwYFKfk,1,@pedroros6358,La cooptación de Walter Mazariegos en la USAC,Quorum
UCiGRBf2RNF0WRKhRVT7zFoA,n8iP75gIpmw,1,@edwinavila4876,Qué rico come tu diputado,Quorum
UCiMythXHsw7eQEMykCdmMUA,n8iP75gIpmw,1,@JavierBecerra-h6x,Qué rico come tu diputado,Quorum
UCiOZX__1gahg1ypIj0_XG_w,6W4u8sGEnGM,1,@mariogonzalezorellana8956,Inician los trabajos de recuperación del Puente Belice II.,Gobierno de la República de Guatemala
UCipetjeiWj4CZB6EbyYziZg,n8iP75gIpmw,1,@OseasSamayoa-ol5rz,Qué rico come tu diputado,Quorum
UCj-LL25XJnjxepPKCc3NGog,n8iP75gIpmw,1,@anaaguirre8985,Qué rico come tu diputado,Quorum
UCjJf-AJKRFFWtiN-CSwkDmA,ndAZjHqzzT8,1,@2jose82,Internet: escoger el menos malo,Quorum
UCjSKM9j0Q7HLDr1hD6D-TUw,n8iP75gIpmw,1,@josehidalgo4875,Qué rico come tu diputado,Quorum
UCjZgFEowMBrsjodqfovzdKw,06mFNPU0aB8,1,@franciscoflores3120,Capturan a presuntos delincuentes disfrazados de mujer señalados de cometer asalto,Noti7
UCjZgFEowMBrsjodqfovzdKw,6W4u8sGEnGM,1,@franciscoflores3120,Inician los trabajos de recuperación del Puente Belice II.,Gobierno de la República de Guatemala
UCjmPuazZJzscrwvk0QR9RVw,n8iP75gIpmw,1,@mynorrodas8591,Qué rico come tu diputado,Quorum
UCk4O-J1BhoqPmig1KLGJePA,is3Mk5oC19g,1,@lazarobarillas3575,Capturan a ladrón que había quedado grabado mientras robaba en una parroquia de Retalhuleu,TN23 Guatemala
UCkVtmkK07b2zaVVNssX4lOg,j43HgwYFKfk,1,@HectorElias-u2l,La cooptación de Walter Mazariegos en la USAC,Quorum
UCkbsS_3D-pvg1iHOld9uvIg,j43HgwYFKfk,1,@gonzalo6075,La cooptación de Walter Mazariegos en la USAC,Quorum
UCkd9W714-947dEE6ZOEBATA,n8iP75gIpmw,2,@ARGELIATELON,Qué rico come tu diputado,Quorum
UCkxdJ_yGN2gghOMo2ybQtXQ,yLZS3JiEBg8,1,@11223344An,Arroz con pollo a la MONOPOLIO,Quorum
UCl0ekS9Tt0jJGtOEM18S63w,n8iP75gIpmw,1,@monkchapin,Qué rico come tu diputado,Quorum
UCld2stqxaVSk0QdGncM224A,TT4qJ5FXHYE,1,@sarahernandez3873,"I’x K’at: el primer equipo guatemalteco de pelota maya, conformado únicamente por mujeres.",Quorum
UClhMWQ7XKWywYvbRnuf8QsA,j43HgwYFKfk,1,@EcPerez-zz9oh,La cooptación de Walter Mazariegos en la USAC,Quorum
UCljDbleJul41G1TzOjOZAVA,n8iP75gIpmw,1,@hectorcarranza3777,Qué rico come tu diputado,Quorum
UClqA491Xa5fQcXcJJa-vTWw,j43HgwYFKfk,1,@AndresLemus-k2d,La cooptación de Walter Mazariegos en la USAC,Quorum
UClsrFGJKWPxxw7MiaEdKLXw,PjmxCj-a9Hg,1,@ericapaz5406,Conferencia de Prensa del Gobierno de Guatemala. #LaRondaGt,Gobierno de la República de Guatemala
UCmjppp6ujz3SAnULvP3sZMw,n8iP75gIpmw,1,@marcomendez7509,Qué rico come tu diputado,Quorum
UCmvOgzmmXbjUthHy-WJ52hQ,n8iP75gIpmw,1,@mariorodas593,Qué rico come tu diputado,Quorum
UCnU8wO1OurAmGstDw6VGjgQ,ndAZjHqzzT8,1,@cmorera21,Internet: escoger el menos malo,Quorum
UCoGdCoJg2Lh0OX_jv6cG16g,6W4u8sGEnGM,2,@Israel-u5i7i,Inician los trabajos de recuperación del Puente Belice II.,Gobierno de la República de Guatemala
UColMq7LmaoY3MT6aIDGrGvA,j43HgwYFKfk,1,@quijotachapina1,La cooptación de Walter Mazariegos en la USAC,Quorum
UCozFYHN0e_-vlQbX3wQGOug,OkXlHx0hx-8,1,@jesusguzman2321,EE.UU. envía a mexicanos deportados a Guatemala antes de su regreso a México | Noticias Telemundo,Noticias Telemundo
UCp29O_C7cchZV8IxV7Crdag,6W4u8sGEnGM,2,@robertoescobar5507,Inician los trabajos de recuperación del Puente Belice II.,Gobierno de la República de Guatemala
UCp4iw5_5SmV9VGTFSNVGOmQ,n8iP75gIpmw,1,@CARLOSSTREMS51,Qué rico come tu diputado,Quorum
UCpIdtvoFHVLGASGB5ySqIEA,n8iP75gIpmw,1,@VidalVillatoro-p4w,Qué rico come tu diputado,Quorum
UCp_dAUfv8i3LW3zWc24dLaQ,OkXlHx0hx-8,1,@MarioCortez-o6v,EE.UU. envía a mexicanos deportados a Guatemala antes de su regreso a México | Noticias Telemundo,Noticias Telemundo
UCpe5jW3MIqkgTJ-PgkzvM6Q,j43HgwYFKfk,1,@carloslam5333,La cooptación de Walter Mazariegos en la USAC,Quorum
UCpl8rF8uv_8uui-QRvuJaRA,n8iP75gIpmw,1,@SergioGarcia-z9c,Qué rico come tu diputado,Quorum
UCplrIQtaPj6au60_f2-mOYw,n8iP75gIpmw,1,@romeolopezherrarte799,Qué rico come tu diputado,Quorum
UCpsKOkt5iWTbenzeuq7dsmQ,j43HgwYFKfk,1,@inge_vergueta,La cooptación de Walter Mazariegos en la USAC,Quorum
UCpsKOkt5iWTbenzeuq7dsmQ,n8iP75gIpmw,1,@inge_vergueta,Qué rico come tu diputado,Quorum
UCpsKOkt5iWTbenzeuq7dsmQ,ndAZjHqzzT8,1,@inge_vergueta,Internet: escoger el menos malo,Quorum
UCq3mDTTRZnUybct5M9OSXbg,06mFNPU0aB8,1,@MacoMorales-i2i2d,Capturan a presuntos delincuentes disfrazados de mujer señalados de cometer asalto,Noti7
UCqCrvuoJpC-aVb0f4logQRQ,j43HgwYFKfk,1,@Lyrics_GT,La cooptación de Walter Mazariegos en la USAC,Quorum
UCqilIa8r7iek5sGYg_q6ofA,lj983NWyAQY,1,@rolandojuchuna484,Plan 2032 Ciudad de Guatemala,Municipalidad de Guatemala
UCql1n3Ey6ULMSOACjMe-fxQ,6W4u8sGEnGM,1,@RolandoGonzalez-o7g,Inician los trabajos de recuperación del Puente Belice II.,Gobierno de la República de Guatemala
UCr1emrogPKkKTs_WTtx71xg,n8iP75gIpmw,1,@domingopeneleu6457,Qué rico come tu diputado,Quorum
UCrJn_rbo_ENAdeqneS-RmRw,n8iP75gIpmw,2,@josecarrera9623,Qué rico come tu diputado,Quorum
UCrqXyRsg-_hTosURZ-uvoKg,OkXlHx0hx-8,1,@flornolberto2425,EE.UU. envía a mexicanos deportados a Guatemala antes de su regreso a México | Noticias Telemundo,Noticias Telemundo
UCsGoJEvb-cFPZ2rWoJcXzEQ,j43HgwYFKfk,1,@sergiohinestroza9709,La cooptación de Walter Mazariegos en la USAC,Quorum
UCsJJAvrVGupdmhOqgtDp8dg,n8iP75gIpmw,1,@nestorlorenzana1168,Qué rico come tu diputado,Quorum
UCsSXdJct-nsS8DsABoEsaYA,n8iP75gIpmw,1,@IvánPérez-j4j,Qué rico come tu diputado,Quorum
UCsUCN0Yq_UyTvKjOJLmNrnQ,b_Hkrkl3adA,1,@moisesvaldez4043,Bloqueos en Guatemala este 31 de agosto por alza en combustibles afectan rutas principales,PrensaLibreOficial
UCsUCN0Yq_UyTvKjOJLmNrnQ,n8iP75gIpmw,1,@moisesvaldez4043,Qué rico come tu diputado,Quorum
UCs_5qeqdku9tGAq22y3OcuQ,lj983NWyAQY,1,@alexandrevasquez4135,Plan 2032 Ciudad de Guatemala,Municipalidad de Guatemala
UCsjs5Hp_r86x1xbK6FAeqaA,n8iP75gIpmw,1,@alvaroesquivel563,Qué rico come tu diputado,Quorum
UCtCtts20bW6F9CSohau51Iw,6W4u8sGEnGM,2,@carlosgranados9875,Inician los trabajos de recuperación del Puente Belice II.,Gobierno de la República de Guatemala
UCtMBF_1O2jY2INlb_luuB_A,lj983NWyAQY,1,@mynorgudiel8646,Plan 2032 Ciudad de Guatemala,Municipalidad de Guatemala
UCtNfIBnc5S5DbbQj_yxgJTw,n8iP75gIpmw,1,@JosueRamirez-ey3ih,Qué rico come tu diputado,Quorum
UCtNyHmRZtvGF2hSvI2dUBWw,PjmxCj-a9Hg,2,@aureliomaldonado4793,Conferencia de Prensa del Gobierno de Guatemala. #LaRondaGt,Gobierno de la República de Guatemala
UCtUR3_CAiE7fCoZHM6cMfyQ,n8iP75gIpmw,1,@mdelcid01,Qué rico come tu diputado,Quorum
UCtiHFjFu7d5v2XxHnKFUYig,OkXlHx0hx-8,1,@Paul-gf7ec,EE.UU. envía a mexicanos deportados a Guatemala antes de su regreso a México | Noticias Telemundo,Noticias Telemundo
UCtowGNY2lnlg6O2CkwDgkLg,TT4qJ5FXHYE,1,@taniagabrielacelis8434,"I’x K’at: el primer equipo guatemalteco de pelota maya, conformado únicamente por mujeres.",Quorum
UCtsxPYw8VUsH_FfnKg-0lmw,6W4u8sGEnGM,1,@AlejandroPérez-b6r,Inician los trabajos de recuperación del Puente Belice II.,Gobierno de la República de Guatemala
UCu8_3-Wg-YzNyvHYQDEscfw,j43HgwYFKfk,1,@RolandoCastroPérez-d7y,La cooptación de Walter Mazariegos en la USAC,Quorum
UCuP4UK33HKtJE_S39ksmaTw,PjmxCj-a9Hg,1,@herbertaguilar1387,Conferencia de Prensa del Gobierno de Guatemala. #LaRondaGt,Gobierno de la República de Guatemala
UCuXmOjxC-htcprLgeVXz6Tg,j43HgwYFKfk,1,@jorgeaguilar-bq3uj,La cooptación de Walter Mazariegos en la USAC,Quorum
UCueV9cTyTDwgQSec1x2dYgA,n8iP75gIpmw,1,@fredydomingo7062,Qué rico come tu diputado,Quorum
UCujPF2nBgsTD62nWE3lcpIg,n8iP75gIpmw,1,@victorarturoruanobautista7588,Qué rico come tu diputado,Quorum
UCusjriFsDHEc2AOjqk-p5ig,PjmxCj-a9Hg,1,@pablobarrios7931,Conferencia de Prensa del Gobierno de Guatemala. #LaRondaGt,Gobierno de la República de Guatemala
UCut6b9S98nv84cVX89PmKzA,n8iP75gIpmw,2,@yeniferaguirre4498,Qué rico come tu diputado,Quorum
UCvApqeCbLod-wejtT4CcVuA,n8iP75gIpmw,1,@davidgaher9550,Qué rico come tu diputado,Quorum
UCvDwJBBY1mHK70aTEYl6rsA,6W4u8sGEnGM,1,@cristianescobedo8296,Inician los trabajos de recuperación del Puente Belice II.,Gobierno de la República de Guatemala
UCvcu1kR8xMYy_I1Ty-2mV2Q,WIUZtitfLRw,1,@hashojea7348,Caminar en una ciudad hecha para carros,Quorum
UCvcu1kR8xMYy_I1Ty-2mV2Q,ndAZjHqzzT8,2,@hashojea7348,Internet: escoger el menos malo,Quorum
UCvcu1kR8xMYy_I1Ty-2mV2Q,yLZS3JiEBg8,1,@hashojea7348,Arroz con pollo a la MONOPOLIO,Quorum
UCvl1tzQeBeGy6efPTRJXSCw,06mFNPU0aB8,1,@RaulPerez-cw2vi,Capturan a presuntos delincuentes disfrazados de mujer señalados de cometer asalto,Noti7
UCwCfs-2zbD5k0lG-UVg_JBw,06mFNPU0aB8,1,@JessicaHuaz-96,Capturan a presuntos delincuentes disfrazados de mujer señalados de cometer asalto,Noti7
UCwEe1RKlEv1UpNWmWYfSh4w,yLZS3JiEBg8,1,@marioramirez299,Arroz con pollo a la MONOPOLIO,Quorum
UCwO2SXr0ggzwg6QWWrr01nQ,n8iP75gIpmw,1,@ricardofigueroa5720,Qué rico come tu diputado,Quorum
UCwUAv3_LpWVtTIi7lkmTL7A,lj983NWyAQY,1,@kingr4706,Plan 2032 Ciudad de Guatemala,Municipalidad de Guatemala
UCwW2OFy95P7ZBkOPxWkpvYg,n8iP75gIpmw,2,@TeresaLucero-b5o,Qué rico come tu diputado,Quorum
UCwgCc9Jd_gG-uLE_SY-FfPg,j43HgwYFKfk,1,@armindapenados2841,La cooptación de Walter Mazariegos en la USAC,Quorum
UCwha8rxULYMVtNwZWeSkE1A,n8iP75gIpmw,1,@mariasamo8637,Qué rico come tu diputado,Quorum
UCwjUvRseNtJoItylIyIez7Q,j43HgwYFKfk,1,@Silviazea,La cooptación de Walter Mazariegos en la USAC,Quorum
UCwxoKK59nGCeBqB2sXfDBIw,6W4u8sGEnGM,1,@vic-bonivideos,Inician los trabajos de recuperación del Puente Belice II.,Gobierno de la República de Guatemala
UCxKR3RA8T-kxMgq_2WWhRcQ,lj983NWyAQY,1,@elenaluarca9377,Plan 2032 Ciudad de Guatemala,Municipalidad de Guatemala
UCxcoDvP-g2_KTZDmVZtvb3w,yLZS3JiEBg8,1,@angelmartinez9523,Arroz con pollo a la MONOPOLIO,Quorum
UCxff05WuyvwELNITi7bj7UA,n8iP75gIpmw,1,@markoherrera,Qué rico come tu diputado,Quorum
UCxhtlxPV8AYWaNNyU6S9H8Q,OkXlHx0hx-8,1,@WilR-s8r,EE.UU. envía a mexicanos deportados a Guatemala antes de su regreso a México | Noticias Telemundo,Noticias Telemundo
UCyJhqmMbsvjpoarBBStA2kg,6W4u8sGEnGM,6,@Murmullodelbarrio,Inician los trabajos de recuperación del Puente Belice II.,Gobierno de la República de Guatemala
UCySYJU5kUh7X8gVt9la2ISA,n8iP75gIpmw,1,@dantesarti4351,Qué rico come tu diputado,Quorum
UCyW68EGZey4ao_Vf2cR5Ztg,WIUZtitfLRw,1,@ZabalaXabier,Caminar en una ciudad hecha para carros,Quorum
UCylqlpsh8ENNM1LqgQ1KbxA,j43HgwYFKfk,2,@Jel.Awesh.M,La cooptación de Walter Mazariegos en la USAC,Quorum
UCylqlpsh8ENNM1LqgQ1KbxA,n8iP75gIpmw,1,@Jel.Awesh.M,Qué rico come tu diputado,Quorum
UCyor0Mmm0ivLX2jIdyGp84Q,3Nfp9h5avBI,1,@MiguelJordan-n3g,"Noticiero en Directo 1 pm, 28 de Agosto de 2026",Noticiero Guatevisión 13 Hrs.
UCyzf29IYjNw67gGIfsjgtxA,lj983NWyAQY,1,@carlosoliva9249,Plan 2032 Ciudad de Guatemala,Municipalidad de Guatemala
UCz3gu01bmjNv0DpRq-K3XYg,n8iP75gIpmw,2,@eusebiovasquez4385,Qué rico come tu diputado,Quorum
UCzSfZlOVxBSs5ObD25ywxDQ,n8iP75gIpmw,1,@GilmarMaldonado-q9m,Qué rico come tu diputado,Quorum
UCzZ6dDCEsLMXbc5pCFXIprw,6W4u8sGEnGM,1,@josegil3813,Inician los trabajos de recuperación del Puente Belice II.,Gobierno de la República de Guatemala
UCzZ6dDCEsLMXbc5pCFXIprw,PjmxCj-a9Hg,1,@josegil3813,Conferencia de Prensa del Gobierno de Guatemala. #LaRondaGt,Gobierno de la República de Guatemala
UCzoL2l5H5eVlorWGH8AZfAg,n8iP75gIpmw,1,@jor77cas,Qué rico come tu diputado,Quorum
